{
  "Logistic Regression": {
    "accuracy": 0.7971014492753623,
    "precision": 0.7815126050420168,
    "recall": 0.9789473684210527,
    "f1": 0.8691588785046729,
    "roc_auc": 0.774296205630355,
    "cv_mean": 0.7946811636791067,
    "cv_std": 0.04820312668711808,
    "cv_scores": [
      0.8674698795180723,
      0.7228915662650602,
      0.8192771084337349,
      0.7710843373493976,
      0.7926829268292683
    ],
    "confusion_matrix": [
      [
        51,
        78
      ],
      [
        6,
        279
      ]
    ],
    "fpr": [
      0.0,
      0.0,
      0.0,
      0.007751937984496124,
      0.007751937984496124,
      0.023255813953488372,
      0.023255813953488372,
      0.031007751937984496,
      0.031007751937984496,
      0.03875968992248062,
      0.03875968992248062,
      0.046511627906976744,
      0.046511627906976744,
      0.05426356589147287,
      0.05426356589147287,
      0.06201550387596899,
      0.06201550387596899,
      0.06976744186046512,
      0.06976744186046512,
      0.10077519379844961,
      0.10077519379844961,
      0.10852713178294573,
      0.10852713178294573,
      0.11627906976744186,
      0.11627906976744186,
      0.12403100775193798,
      0.12403100775193798,
      0.13178294573643412,
      0.13178294573643412,
      0.13953488372093023,
      0.13953488372093023,
      0.14728682170542637,
      0.14728682170542637,
      0.17054263565891473,
      0.17054263565891473,
      0.17829457364341086,
      0.17829457364341086,
      0.18604651162790697,
      0.18604651162790697,
      0.1937984496124031,
      0.1937984496124031,
      0.20155038759689922,
      0.20155038759689922,
      0.20930232558139536,
      0.20930232558139536,
      0.21705426356589147,
      0.21705426356589147,
      0.2248062015503876,
      0.2248062015503876,
      0.24031007751937986,
      0.24031007751937986,
      0.24806201550387597,
      0.24806201550387597,
      0.2558139534883721,
      0.2558139534883721,
      0.26356589147286824,
      0.26356589147286824,
      0.2713178294573643,
      0.2713178294573643,
      0.27906976744186046,
      0.27906976744186046,
      0.2868217054263566,
      0.2868217054263566,
      0.3023255813953488,
      0.3023255813953488,
      0.31007751937984496,
      0.31007751937984496,
      0.3178294573643411,
      0.3178294573643411,
      0.32558139534883723,
      0.32558139534883723,
      0.34108527131782945,
      0.34108527131782945,
      0.3643410852713178,
      0.3643410852713178,
      0.37209302325581395,
      0.37209302325581395,
      0.3798449612403101,
      0.3798449612403101,
      0.3875968992248062,
      0.3875968992248062,
      0.3953488372093023,
      0.3953488372093023,
      0.4108527131782946,
      0.4108527131782946,
      0.4186046511627907,
      0.4186046511627907,
      0.4418604651162791,
      0.4418604651162791,
      0.4573643410852713,
      0.4573643410852713,
      0.4728682170542636,
      0.4728682170542636,
      0.4883720930232558,
      0.4883720930232558,
      0.49612403100775193,
      0.49612403100775193,
      0.5038759689922481,
      0.5038759689922481,
      0.5116279069767442,
      0.5116279069767442,
      0.5271317829457365,
      0.5271317829457365,
      0.5348837209302325,
      0.5348837209302325,
      0.5426356589147286,
      0.5426356589147286,
      0.5503875968992248,
      0.5503875968992248,
      0.5658914728682171,
      0.5658914728682171,
      0.5813953488372093,
      0.5813953488372093,
      0.5891472868217055,
      0.5891472868217055,
      0.5968992248062015,
      0.5968992248062015,
      0.6046511627906976,
      0.6046511627906976,
      0.6589147286821705,
      0.6589147286821705,
      0.6666666666666666,
      0.6666666666666666,
      0.8682170542635659,
      0.8682170542635659,
      0.9534883720930233,
      0.9534883720930233,
      1.0
    ],
    "tpr": [
      0.0,
      0.0035087719298245615,
      0.07017543859649122,
      0.07017543859649122,
      0.08421052631578947,
      0.08421052631578947,
      0.09473684210526316,
      0.09473684210526316,
      0.11929824561403508,
      0.11929824561403508,
      0.12982456140350876,
      0.12982456140350876,
      0.17894736842105263,
      0.17894736842105263,
      0.19298245614035087,
      0.19298245614035087,
      0.20350877192982456,
      0.20350877192982456,
      0.256140350877193,
      0.256140350877193,
      0.26666666666666666,
      0.26666666666666666,
      0.28421052631578947,
      0.28421052631578947,
      0.32280701754385965,
      0.32280701754385965,
      0.3649122807017544,
      0.3649122807017544,
      0.37543859649122807,
      0.37543859649122807,
      0.3824561403508772,
      0.3824561403508772,
      0.43157894736842106,
      0.43157894736842106,
      0.43859649122807015,
      0.43859649122807015,
      0.44912280701754387,
      0.44912280701754387,
      0.47017543859649125,
      0.47017543859649125,
      0.49473684210526314,
      0.49473684210526314,
      0.5403508771929825,
      0.5403508771929825,
      0.5719298245614035,
      0.5719298245614035,
      0.5789473684210527,
      0.5789473684210527,
      0.5929824561403508,
      0.5929824561403508,
      0.6175438596491228,
      0.6175438596491228,
      0.6280701754385964,
      0.6280701754385964,
      0.6350877192982456,
      0.6350877192982456,
      0.6385964912280702,
      0.6385964912280702,
      0.6456140350877193,
      0.6456140350877193,
      0.656140350877193,
      0.656140350877193,
      0.6631578947368421,
      0.6631578947368421,
      0.6877192982456141,
      0.6877192982456141,
      0.7052631578947368,
      0.7052631578947368,
      0.7228070175438597,
      0.7228070175438597,
      0.7368421052631579,
      0.7368421052631579,
      0.7543859649122807,
      0.7543859649122807,
      0.7894736842105263,
      0.7894736842105263,
      0.8140350877192982,
      0.8140350877192982,
      0.8245614035087719,
      0.8245614035087719,
      0.8350877192982457,
      0.8350877192982457,
      0.8456140350877193,
      0.8456140350877193,
      0.8701754385964913,
      0.8701754385964913,
      0.8842105263157894,
      0.8842105263157894,
      0.8982456140350877,
      0.8982456140350877,
      0.9052631578947369,
      0.9052631578947369,
      0.9157894736842105,
      0.9157894736842105,
      0.9192982456140351,
      0.9192982456140351,
      0.9228070175438596,
      0.9228070175438596,
      0.9263157894736842,
      0.9263157894736842,
      0.9333333333333333,
      0.9333333333333333,
      0.9368421052631579,
      0.9368421052631579,
      0.9403508771929825,
      0.9403508771929825,
      0.9438596491228071,
      0.9438596491228071,
      0.9473684210526315,
      0.9473684210526315,
      0.968421052631579,
      0.968421052631579,
      0.9719298245614035,
      0.9719298245614035,
      0.9754385964912281,
      0.9754385964912281,
      0.9789473684210527,
      0.9789473684210527,
      0.9824561403508771,
      0.9824561403508771,
      0.9859649122807017,
      0.9859649122807017,
      0.9894736842105263,
      0.9894736842105263,
      0.9964912280701754,
      0.9964912280701754,
      1.0,
      1.0
    ],
    "classification_report": {
      "0": {
        "precision": 0.8947368421052632,
        "recall": 0.3953488372093023,
        "f1-score": 0.5483870967741935,
        "support": 129.0
      },
      "1": {
        "precision": 0.7815126050420168,
        "recall": 0.9789473684210527,
        "f1-score": 0.8691588785046729,
        "support": 285.0
      },
      "accuracy": 0.7971014492753623,
      "macro avg": {
        "precision": 0.83812472357364,
        "recall": 0.6871481028151775,
        "f1-score": 0.7087729876394332,
        "support": 414.0
      },
      "weighted avg": {
        "precision": 0.8167926209385357,
        "recall": 0.7971014492753623,
        "f1-score": 0.7692082508640163,
        "support": 414.0
      }
    },